formationId,slot,roleId,posX,posZ,posX2,posZ2
4-4-2,1,GK,-48,0,-48,0
4-4-2,2,FB,-35,-22,-40,-22
4-4-2,3,CB,-36,-7,-41,-7
4-4-2,4,CB,-36,7,-41,7
4-4-2,5,FB,-35,22,-40,22
4-4-2,6,W,-18,-24,-23,-24
4-4-2,7,CM,-20,-8,-25,-8
4-4-2,8,CM,-20,8,-25,8
4-4-2,9,W,-18,24,-23,24
4-4-2,10,ST,-8,-6,-13,-6
4-4-2,11,ST,-8,6,-13,6
4-3-3,1,GK,-48,0,-48,0
4-3-3,2,FB,-35,-22,-40,-22
4-3-3,3,CB,-36,-7,-41,-7
4-3-3,4,CB,-36,7,-41,7
4-3-3,5,FB,-35,22,-40,22
4-3-3,6,DM,-24,0,-29,0
4-3-3,7,CM,-18,-10,-23,-10
4-3-3,8,CM,-18,10,-23,10
4-3-3,9,W,-10,-22,-15,-22
4-3-3,10,W,-10,22,-15,22
4-3-3,11,ST,-6,0,-11,0
5-3-2,1,GK,-48,0,-48,0
5-3-2,2,FB,-33,-24,-38,-24
5-3-2,3,CB,-37,-10,-42,-10
5-3-2,4,CB,-37,0,-42,0
5-3-2,5,CB,-37,10,-42,10
5-3-2,6,FB,-33,24,-38,24
5-3-2,7,CM,-20,-12,-25,-12
5-3-2,8,CM,-20,0,-25,0
5-3-2,9,CM,-20,12,-25,12
5-3-2,10,ST,-8,-6,-13,-6
5-3-2,11,ST,-8,6,-13,6
3-5-2,1,GK,-48,0,-48,0
3-5-2,2,CB,-36,-9,-41,-9
3-5-2,3,CB,-36,0,-41,0
3-5-2,4,CB,-36,9,-41,9
3-5-2,5,FB,-26,-25,-31,-25
3-5-2,6,FB,-26,25,-31,25
3-5-2,7,DM,-22,0,-27,0
3-5-2,8,CM,-16,-10,-21,-10
3-5-2,9,CM,-16,10,-21,10
3-5-2,10,ST,-7,-6,-12,-6
3-5-2,11,ST,-7,6,-12,6
4-2-3-1,1,GK,-48,0,-48,0
4-2-3-1,2,FB,-35,-22,-40,-22
4-2-3-1,3,CB,-36,-7,-41,-7
4-2-3-1,4,CB,-36,7,-41,7
4-2-3-1,5,FB,-35,22,-40,22
4-2-3-1,6,DM,-24,-8,-29,-8
4-2-3-1,7,DM,-24,8,-29,8
4-2-3-1,8,W,-14,-22,-19,-22
4-2-3-1,9,AM,-14,0,-19,0
4-2-3-1,10,W,-14,22,-19,22
4-2-3-1,11,ST,-6,0,-11,0
3-4-3,1,GK,-48,0,-48,0
3-4-3,2,CB,-36,-9,-41,-9
3-4-3,3,CB,-36,0,-41,0
3-4-3,4,CB,-36,9,-41,9
3-4-3,5,FB,-24,-25,-29,-25
3-4-3,6,FB,-24,25,-29,25
3-4-3,7,CM,-20,-8,-25,-8
3-4-3,8,CM,-20,8,-25,8
3-4-3,9,W,-10,-20,-15,-20
3-4-3,10,W,-10,20,-15,20
3-4-3,11,ST,-6,0,-11,0
