roleId,variantId,exposed,focus,speed,stamina,pass,shot,tackle,positioning,reflexes,handling,diving,pushUp,pressRange,shotBias,passLength,width,lineHeight,roamRadius,passRisk,dribble,holdUp,gkRushRadius,displayName,description,icon
GK,gk_standard,true,1,30,30,30,5,10,15,80,60,40,0,3,0.9,25,0,0,2,0.3,0,0.5,12,골키퍼,박스 안에서 골문을 지킨다,
GK,gk_sweeper,true,1,30,30,30,5,10,15,80,60,40,0,3,0.9,25,0,8,2,0.5,0,0.5,16.5,스위퍼 키퍼,라인 뒤 공간까지 나와 정리한다 (노이어),
GK,gk_ballplaying,false,1,30,30,30,5,10,15,80,60,40,0,3,0.9,35,0,0,2,0.6,0,0.5,12,볼플레잉 키퍼,빌드업에 참여하는 골키퍼 (FM26 신규),
GK,gk_nononsense,false,0,30,30,30,5,10,15,80,60,40,0,3,0.9,40,0,0,2,0.1,0,0.2,10,노넌센스 키퍼,잡으면 멀리 찬다 (FM26 신규),
CB,cb_centreback,true,1,40,50,40,20,80,70,0,0,0,5,6,0.8,20,5,20,3,0.3,0.2,0.3,0,센터백,기본 중앙 수비수,
CB,cb_ballplaying,true,1,40,50,40,20,80,70,0,0,0,5,6,0.8,30,5,20,3,0.6,0.4,0.3,0,볼플레잉 CB,라인을 가르는 패스와 전진 드리블,
CB,cb_stopper,false,1,40,50,40,20,80,70,0,0,0,5,11,0.8,20,5,26,3,0.3,0.2,0.3,0,스토퍼,앞으로 나가 끊는다,
CB,cb_cover,false,0,40,50,40,20,80,70,0,0,0,5,4,0.8,20,5,14,3,0.3,0.2,0.3,0,커버,라인 뒤에 남아 뒷공간을 지운다,
CB,cb_overlapping,false,2,40,50,40,20,80,70,0,0,0,25,6,0.8,20,20,20,13,0.3,0.2,0.3,0,오버래핑 CB,백3에서 측면으로 올라간다 (맥케나·와일더),
CB,cb_nononsense,false,0,40,50,40,20,80,70,0,0,0,5,6,0.8,30,5,20,3,0.1,0,0.3,0,노넌센스 CB,걷어낸다,
CB,cb_libero,false,1,40,50,40,20,80,70,0,0,0,15,6,0.8,20,5,20,11,0.5,0.2,0.6,0,리베로,자유로운 최후방 (FM24),
FB,fb_fullback,true,1,65,60,50,25,55,45,0,0,0,15,8,0.7,20,20,15,5,0.4,0.5,0.3,0,풀백,기본 측면 수비수,
FB,fb_wingback,true,2,65,60,50,25,55,45,0,0,0,25,8,0.7,20,25,15,5,0.4,0.5,0.3,0,윙백,측면을 오르내린다,
FB,fb_advanced_wb,false,2,65,60,50,25,55,45,0,0,0,35,8,0.7,20,25,10,5,0.4,0.5,0.3,0,어드밴스드 윙백,윙백보다 더 올라간다 (FM26 신규),
FB,fb_inverted,false,1,65,60,50,25,55,45,0,0,0,15,8,0.7,25,5,15,5,0.6,0.5,0.3,0,인버티드 풀백,소유 시 중앙으로 좁힌다 (칸셀루),
FB,fb_playmaking_wb,false,2,65,60,50,25,55,45,0,0,0,30,8,0.7,30,20,15,5,0.7,0.5,0.3,0,플레이메이킹 윙백,측면에서 패스를 만든다 (FM26 신규),
FB,fb_nononsense,false,0,65,60,50,25,55,45,0,0,0,5,6,0.7,20,20,15,5,0.2,0.5,0.3,0,노넌센스 풀백,자리를 지키고 걷어낸다,
FB,fb_inverted_wb,false,2,65,60,50,25,55,45,0,0,0,30,8,0.7,20,5,15,5,0.6,0.5,0.3,0,인버티드 윙백,안으로 들어가 올라간다 (FC26 신규),
DM,dm_anchor,true,0,45,60,60,25,70,40,0,0,0,10,10,0.6,20,8,10,2,0.2,0.3,0.4,0,앵커,수비 앞을 지킨다 (피벗·디스트로이어),
DM,dm_dlp,true,1,45,60,60,25,70,40,0,0,0,10,7,0.6,30,8,10,4,0.7,0.3,0.4,0,딥라잉 플레이메이커,깊은 곳에서 경기를 지휘한다 (레지스타),
DM,dm_halfback,false,0,45,60,60,25,70,40,0,0,0,5,10,0.6,20,8,20,2,0.4,0.3,0.4,0,하프백,수비 라인으로 내려간다,
DM,dm_ballwinning,false,0,45,60,60,25,70,40,0,0,0,10,16,0.6,20,8,10,7,0.2,0.3,0.4,0,볼위닝 MF,뺏는다 (FM24),
DM,dm_segundo,false,2,45,60,60,25,70,40,0,0,0,25,10,0.5,20,8,10,8,0.4,0.3,0.4,0,세군도 볼란테,늦게 올라가 박스에 들어간다 (FM24),
DM,dm_box2box,false,2,45,60,60,25,70,40,0,0,0,25,13,0.6,20,8,10,8,0.4,0.3,0.4,0,박스투박스 DM,양 박스를 오간다 (FM26),
DM,dm_boxcrasher,false,2,45,60,60,25,70,40,0,0,0,30,10,0.4,20,8,10,8,0.4,0.3,0.4,0,박스 크래셔,박스로 돌진한다 (FC26 신규),
CM,cm_box2box,true,1,50,65,70,35,45,35,0,0,0,25,13,0.5,20,10,5,9,0.5,0.5,0.4,0,박스투박스,경기장 전체를 뛴다,
CM,cm_playmaker,true,1,50,65,70,35,45,35,0,0,0,15,8,0.5,25,10,5,6,0.8,0.5,0.4,0,미드필드 플레이메이커,중원에서 패스를 만든다 (FM26 신규),
CM,cm_central,false,1,50,65,70,35,45,35,0,0,0,15,10,0.5,20,10,5,6,0.5,0.5,0.4,0,센트럴 MF,기본 중앙 미드필더,
CM,cm_wide,false,1,50,65,70,35,45,35,0,0,0,23,10,0.5,20,22,5,6,0.5,0.5,0.4,0,와이드 센트럴 MF,"하프스페이스로 벌린다 (메찰라 대체, FM26 신규)",
CM,cm_carrilero,false,1,50,65,70,35,45,35,0,0,0,10,10,0.5,20,18,5,3,0.5,0.5,0.4,0,카릴레로,측면과 중앙 사이를 오간다 (FM24),
CM,cm_roaming_pm,false,1,50,65,70,35,45,35,0,0,0,15,10,0.5,20,10,5,16,0.8,0.5,0.4,0,로밍 플레이메이커,자리를 떠나 패스를 만든다 (FM24),
CM,cm_wide_mf,false,1,50,65,70,35,45,35,0,0,0,12,10,0.5,20,28,5,6,0.5,0.5,0.4,0,와이드 MF,측면 미드필더 (FM24),
AM,am_advanced_pm,true,2,55,50,75,55,25,40,0,0,0,20,8,0.3,25,12,0,8,0.9,0.6,0.4,0,어드밴스드 플레이메이커,마지막 패스를 만든다 (트레콰르티스타),
AM,am_shadow_striker,true,2,55,50,75,55,25,40,0,0,0,30,8,0.25,20,12,0,8,0.6,0.6,0.4,0,섀도 스트라이커,스트라이커 뒤에서 득점을 노린다,
AM,am_attacking,false,2,55,50,75,55,25,40,0,0,0,20,8,0.4,20,12,0,8,0.6,0.6,0.4,0,어태킹 MF,기본 공격형 미드필더,
AM,am_free_role,false,2,55,50,75,55,25,40,0,0,0,20,8,0.4,20,17,0,23,0.6,0.6,0.4,0,프리 롤,어디든 간다 (FM26 신규),
AM,am_channel,false,2,55,50,75,55,25,40,0,0,0,28,8,0.4,20,24,0,11,0.6,0.6,0.4,0,채널 MF,"하프스페이스로 침투한다 (메찰라 대체, FM26)",
AM,am_enganche,false,1,55,50,75,55,25,40,0,0,0,20,8,0.4,20,12,0,2,0.9,0.4,0.4,0,엔간체,한 지점에서 연결한다 (FM24),
W,w_winger,true,2,80,50,50,50,25,45,0,0,0,25,8,0.5,15,25,0,6,0.5,0.9,0.3,0,윙어,터치라인을 타고 크로스한다,
W,w_inside_forward,true,2,80,50,50,50,25,45,0,0,0,25,8,0.25,15,13,0,6,0.6,0.7,0.3,0,인사이드 포워드,안으로 들어와 슛한다 (인버티드 윙어),
W,w_wide_forward,false,2,80,50,50,50,25,45,0,0,0,33,8,0.3,15,20,0,6,0.5,0.7,0.3,0,와이드 포워드,측면 공격수 (FM26 신규),
W,w_raumdeuter,false,2,80,50,50,50,25,45,0,0,0,25,8,0.25,15,17,0,18,0.5,0.3,0.3,0,라움도이터,공간을 읽어 들어간다 (뮐러),
W,w_wide_pm,false,1,80,50,50,50,25,45,0,0,0,25,8,0.4,20,25,0,6,0.8,0.6,0.3,0,와이드 플레이메이커,측면에서 패스를 만든다,
W,w_inverted,false,2,80,50,50,50,25,45,0,0,0,25,8,0.4,15,13,0,6,0.6,0.8,0.3,0,인버티드 윙어,안으로 들어와 패스한다 (FM24),
W,w_target,false,1,80,50,50,50,25,45,0,0,0,20,8,0.4,15,25,0,6,0.5,0.4,0.8,0,와이드 타깃맨,측면에서 공을 받아 준다 (FM24),
W,w_defensive,false,0,80,50,50,50,25,45,0,0,0,15,13,0.4,15,25,10,6,0.5,0.7,0.3,0,디펜시브 윙어,측면에서 수비를 돕는다 (FM24),
ST,st_poacher,true,2,60,45,40,90,20,45,0,0,0,30,8,0.2,15,3,0,3,0.5,0.5,0.1,0,포처,박스 안에서 골만 노린다,
ST,st_targetman,false,1,60,45,40,90,20,45,0,0,0,25,8,0.3,10,3,0,5,0.5,0.2,1.0,0,타깃맨,롱볼을 받아 버틴다,
ST,st_false9,false,1,60,45,40,90,20,45,0,0,0,15,8,0.3,15,3,0,15,0.7,0.7,0.4,0,폴스 9,내려와서 연결한다 (크루이프·메시),
ST,st_advanced,true,2,60,45,40,90,20,45,0,0,0,33,8,0.3,15,3,0,5,0.5,0.6,0.4,0,어드밴스드 포워드,최전방에서 공격을 이끈다 (FM24),
ST,st_deeplying,false,1,60,45,40,90,20,45,0,0,0,19,8,0.3,15,3,0,5,0.7,0.5,0.6,0,딥라잉 포워드,내려와 연계한다,
ST,st_channel,false,2,60,45,40,90,20,45,0,0,0,25,8,0.3,15,22,0,10,0.5,0.5,0.4,0,채널 포워드,측면 채널로 뛴다 (FM26 신규),
ST,st_complete,false,2,60,45,40,90,20,45,0,0,0,25,8,0.3,15,3,0,5,0.6,0.7,0.6,0,컴플리트 포워드,다 한다 (FM24),
ST,st_pressing,true,2,60,45,40,90,20,45,0,0,0,25,18,0.3,15,3,5,5,0.5,0.5,0.4,0,프레싱 포워드,앞에서부터 압박한다 (FM24),
