stage,side,kind,id,count,posX,posZ
1,player,player,gk_standard,1,-48,0
1,player,player,fb_fullback,1,-35,-22
1,player,player,cb_centreback,1,-36,-7
1,player,player,cb_centreback,1,-36,7
1,player,player,fb_fullback,1,-35,22
1,player,player,w_winger,1,-18,-24
1,player,player,cm_box2box,1,-20,-8
1,player,player,cm_box2box,1,-20,8
1,player,player,w_winger,1,-18,24
1,player,player,st_poacher,1,-8,-6
1,player,player,st_poacher,1,-8,6
1,enemy,player,gk_standard,1,48,0
1,enemy,player,fb_fullback,1,35,-22
1,enemy,player,cb_centreback,1,36,-7
1,enemy,player,cb_centreback,1,36,7
1,enemy,player,fb_fullback,1,35,22
1,enemy,player,w_winger,1,18,-24
1,enemy,player,cm_box2box,1,20,-8
1,enemy,player,cm_box2box,1,20,8
1,enemy,player,w_winger,1,18,24
1,enemy,player,st_poacher,1,8,-6
1,enemy,player,st_poacher,1,8,6
